title:အာရှသူလေးများ,url:www.xnxx.es/search/myanmar?top,picture:Pictures/lulu3.jpg,key:v
title:ဂျပန်သူလေးများ,url:es.pornhub.com/video/search?search=myanmar,picture:Pictures/myan1.jpg,key:v
title:ဆယ်ကျော်သက်စော်လေးများ,url:www.xvideos2.com/?k=myanmar&top,picture:Pictures/myan2.jpg,key:v
title:Big Tits စော်လေးများ,url:www.veochan.com/myanmar.html,picture:Pictures/su1.jpg,key:v
title:Panties နဲ့စော်လေးများ,url:es.pornhub.com/video/search?search=jav,picture:Pictures/jav1.jpg,key:v
title:ဂျပန်JAVများ ၂,url:www.xnxx.es/search/jav,picture:Pictures/jav2.jpg,key:v
title:ဂျပန်JAVများ ၃,url:www.xvideos.com/?k=JAV,picture:Pictures/jav3.jpg,key:v
title:ဂျပန်JAVများ ၄,url:vjav.com/,picture:Pictures/jav4.jpg,key:v
title ဂျပန်JAVများ ၅,url:javkiki.com/,picture:Pictures/jav5.jpg,key:movie
title ဂျပန်JAVများ ၆,url:javhihi69.com/,picture:Pictures/jav1.jpg,key:javhihi
title ဂျပန်JAVများ ၇,url:sextop.net/,picture:Pictures/jav2.jpg,key:movies
title:ဂျပန်Animeများ,url:es.pornhub.com/video/search?search=hentai+anime,picture:Pictures/jav3.jpg,key:v
title:Best Asian ၁,url:www.xvideos2.com/?k=asian&top,picture:Pictures/jav4.jpg,key:video
